{"initial_reset_timestamp": 1587053845.9103425, "timestamps": [1587053846.401186], "episode_lengths": [15], "episode_rewards": [15.0], "episode_types": ["t"]}